kind,task,language,slug,baseline,macro_f1,selected_count,judge_label_correctness,judge_quality_score,score_C,score_L,score_H,hard_reject_rate,path
hf,news_topic_classification,amh,b64_m3_s13,alpagasus_style,0.34156897712145806,,,,,,,,/mnt/cosda/runs/aws_vllm_revised_select1_v2_full_20260521/news_topic_classification/amh/b64_m3_s13/hf/alpagasus_style/test_metrics.json
hf,news_topic_classification,amh,b64_m3_s13,cosda_equal_budget,0.10504201680672269,,,,,,,,/mnt/cosda/runs/aws_vllm_revised_select1_v2_full_20260521/news_topic_classification/amh/b64_m3_s13/hf/cosda_equal_budget/test_metrics.json
hf,news_topic_classification,amh,b64_m3_s13,cosda_rerank_v2,0.10504201680672269,,,,,,,,/mnt/cosda/runs/aws_vllm_revised_select1_v2_full_20260521/news_topic_classification/amh/b64_m3_s13/hf/cosda_rerank_v2/test_metrics.json
hf,news_topic_classification,amh,b64_m3_s13,deita_style,0.10504201680672269,,,,,,,,/mnt/cosda/runs/aws_vllm_revised_select1_v2_full_20260521/news_topic_classification/amh/b64_m3_s13/hf/deita_style/test_metrics.json
hf,news_topic_classification,amh,b64_m3_s13,gold_only,0.10504201680672269,,,,,,,,/mnt/cosda/runs/aws_vllm_revised_select1_v2_full_20260521/news_topic_classification/amh/b64_m3_s13/hf/gold_only/test_metrics.json
hf,news_topic_classification,amh,b64_m3_s13,naive,0.28610751591980266,,,,,,,,/mnt/cosda/runs/aws_vllm_revised_select1_v2_full_20260521/news_topic_classification/amh/b64_m3_s13/hf/naive/test_metrics.json
hf,news_topic_classification,hau,b64_m3_s13,alpagasus_style,0.1949625817463796,,,,,,,,/mnt/cosda/runs/aws_vllm_revised_select1_v2_full_20260521/news_topic_classification/hau/b64_m3_s13/hf/alpagasus_style/test_metrics.json
hf,news_topic_classification,hau,b64_m3_s13,cosda_equal_budget,0.03876720294630742,,,,,,,,/mnt/cosda/runs/aws_vllm_revised_select1_v2_full_20260521/news_topic_classification/hau/b64_m3_s13/hf/cosda_equal_budget/test_metrics.json
hf,news_topic_classification,hau,b64_m3_s13,cosda_rerank_v2,0.06634225906025534,,,,,,,,/mnt/cosda/runs/aws_vllm_revised_select1_v2_full_20260521/news_topic_classification/hau/b64_m3_s13/hf/cosda_rerank_v2/test_metrics.json
hf,news_topic_classification,hau,b64_m3_s13,deita_style,0.03892565200467108,,,,,,,,/mnt/cosda/runs/aws_vllm_revised_select1_v2_full_20260521/news_topic_classification/hau/b64_m3_s13/hf/deita_style/test_metrics.json
hf,news_topic_classification,hau,b64_m3_s13,gold_only,0.03876720294630742,,,,,,,,/mnt/cosda/runs/aws_vllm_revised_select1_v2_full_20260521/news_topic_classification/hau/b64_m3_s13/hf/gold_only/test_metrics.json
hf,news_topic_classification,hau,b64_m3_s13,naive,0.1019702493809707,,,,,,,,/mnt/cosda/runs/aws_vllm_revised_select1_v2_full_20260521/news_topic_classification/hau/b64_m3_s13/hf/naive/test_metrics.json
hf,news_topic_classification,swa,b64_m3_s13,alpagasus_style,0.18447376991953776,,,,,,,,/mnt/cosda/runs/aws_vllm_revised_select1_v2_full_20260521/news_topic_classification/swa/b64_m3_s13/hf/alpagasus_style/test_metrics.json
hf,news_topic_classification,swa,b64_m3_s13,cosda_equal_budget,0.01152073732718894,,,,,,,,/mnt/cosda/runs/aws_vllm_revised_select1_v2_full_20260521/news_topic_classification/swa/b64_m3_s13/hf/cosda_equal_budget/test_metrics.json
hf,news_topic_classification,swa,b64_m3_s13,cosda_rerank_v2,0.19780736337869062,,,,,,,,/mnt/cosda/runs/aws_vllm_revised_select1_v2_full_20260521/news_topic_classification/swa/b64_m3_s13/hf/cosda_rerank_v2/test_metrics.json
hf,news_topic_classification,swa,b64_m3_s13,deita_style,0.10941509023700803,,,,,,,,/mnt/cosda/runs/aws_vllm_revised_select1_v2_full_20260521/news_topic_classification/swa/b64_m3_s13/hf/deita_style/test_metrics.json
hf,news_topic_classification,swa,b64_m3_s13,gold_only,0.01152073732718894,,,,,,,,/mnt/cosda/runs/aws_vllm_revised_select1_v2_full_20260521/news_topic_classification/swa/b64_m3_s13/hf/gold_only/test_metrics.json
hf,news_topic_classification,swa,b64_m3_s13,naive,0.06858720763862056,,,,,,,,/mnt/cosda/runs/aws_vllm_revised_select1_v2_full_20260521/news_topic_classification/swa/b64_m3_s13/hf/naive/test_metrics.json
hf,news_topic_classification,yor,b64_m3_s13,alpagasus_style,0.06517311608961304,,,,,,,,/mnt/cosda/runs/aws_vllm_revised_select1_v2_full_20260521/news_topic_classification/yor/b64_m3_s13/hf/alpagasus_style/test_metrics.json
hf,news_topic_classification,yor,b64_m3_s13,cosda_equal_budget,0.06517311608961304,,,,,,,,/mnt/cosda/runs/aws_vllm_revised_select1_v2_full_20260521/news_topic_classification/yor/b64_m3_s13/hf/cosda_equal_budget/test_metrics.json
hf,news_topic_classification,yor,b64_m3_s13,cosda_rerank_v2,0.06517311608961304,,,,,,,,/mnt/cosda/runs/aws_vllm_revised_select1_v2_full_20260521/news_topic_classification/yor/b64_m3_s13/hf/cosda_rerank_v2/test_metrics.json
hf,news_topic_classification,yor,b64_m3_s13,deita_style,0.06517311608961304,,,,,,,,/mnt/cosda/runs/aws_vllm_revised_select1_v2_full_20260521/news_topic_classification/yor/b64_m3_s13/hf/deita_style/test_metrics.json
hf,news_topic_classification,yor,b64_m3_s13,gold_only,0.06517311608961304,,,,,,,,/mnt/cosda/runs/aws_vllm_revised_select1_v2_full_20260521/news_topic_classification/yor/b64_m3_s13/hf/gold_only/test_metrics.json
hf,news_topic_classification,yor,b64_m3_s13,naive,0.12759114643500763,,,,,,,,/mnt/cosda/runs/aws_vllm_revised_select1_v2_full_20260521/news_topic_classification/yor/b64_m3_s13/hf/naive/test_metrics.json
hf,sentiment_classification,amh,b64_m3_s13,alpagasus_style,0.0671764882291198,,,,,,,,/mnt/cosda/runs/aws_vllm_revised_select1_v2_full_20260521/sentiment_classification/amh/b64_m3_s13/hf/alpagasus_style/test_metrics.json
hf,sentiment_classification,amh,b64_m3_s13,cosda_equal_budget,0.0671764882291198,,,,,,,,/mnt/cosda/runs/aws_vllm_revised_select1_v2_full_20260521/sentiment_classification/amh/b64_m3_s13/hf/cosda_equal_budget/test_metrics.json
hf,sentiment_classification,amh,b64_m3_s13,cosda_rerank_v2,0.06877898306469735,,,,,,,,/mnt/cosda/runs/aws_vllm_revised_select1_v2_full_20260521/sentiment_classification/amh/b64_m3_s13/hf/cosda_rerank_v2/test_metrics.json
hf,sentiment_classification,amh,b64_m3_s13,deita_style,0.0671764882291198,,,,,,,,/mnt/cosda/runs/aws_vllm_revised_select1_v2_full_20260521/sentiment_classification/amh/b64_m3_s13/hf/deita_style/test_metrics.json
hf,sentiment_classification,amh,b64_m3_s13,gold_only,0.11063603182655324,,,,,,,,/mnt/cosda/runs/aws_vllm_revised_select1_v2_full_20260521/sentiment_classification/amh/b64_m3_s13/hf/gold_only/test_metrics.json
hf,sentiment_classification,amh,b64_m3_s13,naive,0.15405234017248595,,,,,,,,/mnt/cosda/runs/aws_vllm_revised_select1_v2_full_20260521/sentiment_classification/amh/b64_m3_s13/hf/naive/test_metrics.json
hf,sentiment_classification,hau,b64_m3_s13,alpagasus_style,0.33941761724133795,,,,,,,,/mnt/cosda/runs/aws_vllm_revised_select1_v2_full_20260521/sentiment_classification/hau/b64_m3_s13/hf/alpagasus_style/test_metrics.json
hf,sentiment_classification,hau,b64_m3_s13,cosda_equal_budget,0.3491171109592162,,,,,,,,/mnt/cosda/runs/aws_vllm_revised_select1_v2_full_20260521/sentiment_classification/hau/b64_m3_s13/hf/cosda_equal_budget/test_metrics.json
hf,sentiment_classification,hau,b64_m3_s13,cosda_rerank_v2,0.3748963112420065,,,,,,,,/mnt/cosda/runs/aws_vllm_revised_select1_v2_full_20260521/sentiment_classification/hau/b64_m3_s13/hf/cosda_rerank_v2/test_metrics.json
hf,sentiment_classification,hau,b64_m3_s13,deita_style,0.19645700055146012,,,,,,,,/mnt/cosda/runs/aws_vllm_revised_select1_v2_full_20260521/sentiment_classification/hau/b64_m3_s13/hf/deita_style/test_metrics.json
hf,sentiment_classification,hau,b64_m3_s13,gold_only,0.16850269125734485,,,,,,,,/mnt/cosda/runs/aws_vllm_revised_select1_v2_full_20260521/sentiment_classification/hau/b64_m3_s13/hf/gold_only/test_metrics.json
hf,sentiment_classification,hau,b64_m3_s13,naive,0.16843215018690796,,,,,,,,/mnt/cosda/runs/aws_vllm_revised_select1_v2_full_20260521/sentiment_classification/hau/b64_m3_s13/hf/naive/test_metrics.json
hf,sentiment_classification,swa,b64_m3_s13,alpagasus_style,0.2483221476510067,,,,,,,,/mnt/cosda/runs/aws_vllm_revised_select1_v2_full_20260521/sentiment_classification/swa/b64_m3_s13/hf/alpagasus_style/test_metrics.json
hf,sentiment_classification,swa,b64_m3_s13,cosda_equal_budget,0.2483221476510067,,,,,,,,/mnt/cosda/runs/aws_vllm_revised_select1_v2_full_20260521/sentiment_classification/swa/b64_m3_s13/hf/cosda_equal_budget/test_metrics.json
hf,sentiment_classification,swa,b64_m3_s13,cosda_rerank_v2,0.2483221476510067,,,,,,,,/mnt/cosda/runs/aws_vllm_revised_select1_v2_full_20260521/sentiment_classification/swa/b64_m3_s13/hf/cosda_rerank_v2/test_metrics.json
hf,sentiment_classification,swa,b64_m3_s13,deita_style,0.2529761904761905,,,,,,,,/mnt/cosda/runs/aws_vllm_revised_select1_v2_full_20260521/sentiment_classification/swa/b64_m3_s13/hf/deita_style/test_metrics.json
hf,sentiment_classification,swa,b64_m3_s13,gold_only,0.2483221476510067,,,,,,,,/mnt/cosda/runs/aws_vllm_revised_select1_v2_full_20260521/sentiment_classification/swa/b64_m3_s13/hf/gold_only/test_metrics.json
hf,sentiment_classification,swa,b64_m3_s13,naive,0.2483221476510067,,,,,,,,/mnt/cosda/runs/aws_vllm_revised_select1_v2_full_20260521/sentiment_classification/swa/b64_m3_s13/hf/naive/test_metrics.json
hf,sentiment_classification,yor,b64_m3_s13,alpagasus_style,0.1763102082897372,,,,,,,,/mnt/cosda/runs/aws_vllm_revised_select1_v2_full_20260521/sentiment_classification/yor/b64_m3_s13/hf/alpagasus_style/test_metrics.json
hf,sentiment_classification,yor,b64_m3_s13,cosda_equal_budget,0.17571902354156474,,,,,,,,/mnt/cosda/runs/aws_vllm_revised_select1_v2_full_20260521/sentiment_classification/yor/b64_m3_s13/hf/cosda_equal_budget/test_metrics.json
hf,sentiment_classification,yor,b64_m3_s13,cosda_rerank_v2,0.17571902354156474,,,,,,,,/mnt/cosda/runs/aws_vllm_revised_select1_v2_full_20260521/sentiment_classification/yor/b64_m3_s13/hf/cosda_rerank_v2/test_metrics.json
hf,sentiment_classification,yor,b64_m3_s13,deita_style,0.18520310552925578,,,,,,,,/mnt/cosda/runs/aws_vllm_revised_select1_v2_full_20260521/sentiment_classification/yor/b64_m3_s13/hf/deita_style/test_metrics.json
hf,sentiment_classification,yor,b64_m3_s13,gold_only,0.17789862766641737,,,,,,,,/mnt/cosda/runs/aws_vllm_revised_select1_v2_full_20260521/sentiment_classification/yor/b64_m3_s13/hf/gold_only/test_metrics.json
hf,sentiment_classification,yor,b64_m3_s13,naive,0.17750632511068945,,,,,,,,/mnt/cosda/runs/aws_vllm_revised_select1_v2_full_20260521/sentiment_classification/yor/b64_m3_s13/hf/naive/test_metrics.json
selection,news_topic_classification,amh,b64_m3_s13,alpagasus_style,,64,0.8484375000000001,0.71953125,0.5573050010367296,0.0002256317689530686,0.04146804312713094,0.703125,/mnt/cosda/runs/aws_vllm_revised_select1_v2_full_20260521/news_topic_classification/amh/b64_m3_s13/selected/alpagasus_style.jsonl
selection,news_topic_classification,amh,b64_m3_s13,cosda_equal_budget,,64,0.75,0.66796875,0.5916462651628536,0.0,0.03663035693444787,0.515625,/mnt/cosda/runs/aws_vllm_revised_select1_v2_full_20260521/news_topic_classification/amh/b64_m3_s13/selected/cosda_equal_budget.jsonl
selection,news_topic_classification,amh,b64_m3_s13,cosda_rerank_v2,,64,0.84375,0.71484375,0.5710880750673824,0.0,0.03671523667440669,0.609375,/mnt/cosda/runs/aws_vllm_revised_select1_v2_full_20260521/news_topic_classification/amh/b64_m3_s13/selected/cosda_rerank_v2.jsonl
selection,news_topic_classification,amh,b64_m3_s13,deita_style,,64,0.828125,0.7046875,0.5529105854802765,0.0,0.0494273857417981,0.671875,/mnt/cosda/runs/aws_vllm_revised_select1_v2_full_20260521/news_topic_classification/amh/b64_m3_s13/selected/deita_style.jsonl
selection,news_topic_classification,amh,b64_m3_s13,naive,,64,0.5921875,0.56640625,0.49383607194176876,0.0002256317689530686,0.04691779276705234,0.765625,/mnt/cosda/runs/aws_vllm_revised_select1_v2_full_20260521/news_topic_classification/amh/b64_m3_s13/selected/naive.jsonl
selection,news_topic_classification,hau,b64_m3_s13,alpagasus_style,,64,0.9015625,0.73046875,0.578329373933957,0.0005656313768203712,0.07477809443093285,0.546875,/mnt/cosda/runs/aws_vllm_revised_select1_v2_full_20260521/news_topic_classification/hau/b64_m3_s13/selected/alpagasus_style.jsonl
selection,news_topic_classification,hau,b64_m3_s13,cosda_equal_budget,,64,0.790625,0.69375,0.633531005049008,0.0006732390633656246,0.07199443804125684,0.25,/mnt/cosda/runs/aws_vllm_revised_select1_v2_full_20260521/news_topic_classification/hau/b64_m3_s13/selected/cosda_equal_budget.jsonl
selection,news_topic_classification,hau,b64_m3_s13,cosda_rerank_v2,,64,0.9015625,0.72578125,0.6030292078590719,0.0006036697277266114,0.06549627068807402,0.40625,/mnt/cosda/runs/aws_vllm_revised_select1_v2_full_20260521/news_topic_classification/hau/b64_m3_s13/selected/cosda_rerank_v2.jsonl
selection,news_topic_classification,hau,b64_m3_s13,deita_style,,64,0.8796875000000001,0.71640625,0.5478895810985704,0.0008471787916081858,0.08425317997970638,0.640625,/mnt/cosda/runs/aws_vllm_revised_select1_v2_full_20260521/news_topic_classification/hau/b64_m3_s13/selected/deita_style.jsonl
selection,news_topic_classification,hau,b64_m3_s13,naive,,64,0.765625,0.65703125,0.5476357750740135,0.0008589512503985707,0.08474582429360596,0.65625,/mnt/cosda/runs/aws_vllm_revised_select1_v2_full_20260521/news_topic_classification/hau/b64_m3_s13/selected/naive.jsonl
selection,news_topic_classification,swa,b64_m3_s13,alpagasus_style,,64,0.9187500000000001,0.73046875,0.6194334805099061,0.0005475273914650419,0.0695845057405446,0.34375,/mnt/cosda/runs/aws_vllm_revised_select1_v2_full_20260521/news_topic_classification/swa/b64_m3_s13/selected/alpagasus_style.jsonl
selection,news_topic_classification,swa,b64_m3_s13,cosda_equal_budget,,64,0.8406250000000001,0.69921875,0.666536203713622,0.0004542379658359591,0.06595284347657372,0.09375,/mnt/cosda/runs/aws_vllm_revised_select1_v2_full_20260521/news_topic_classification/swa/b64_m3_s13/selected/cosda_equal_budget.jsonl
selection,news_topic_classification,swa,b64_m3_s13,cosda_rerank_v2,,64,0.9187500000000001,0.72578125,0.655066042591352,0.00034131783810159154,0.06769864588177738,0.15625,/mnt/cosda/runs/aws_vllm_revised_select1_v2_full_20260521/news_topic_classification/swa/b64_m3_s13/selected/cosda_rerank_v2.jsonl
selection,news_topic_classification,swa,b64_m3_s13,deita_style,,64,0.884375,0.715625,0.5896723794314311,0.0006767343764331634,0.08944937672021398,0.484375,/mnt/cosda/runs/aws_vllm_revised_select1_v2_full_20260521/news_topic_classification/swa/b64_m3_s13/selected/deita_style.jsonl
selection,news_topic_classification,swa,b64_m3_s13,naive,,64,0.790625,0.64140625,0.5193032826937269,0.0006913215995767419,0.07406787949816904,0.671875,/mnt/cosda/runs/aws_vllm_revised_select1_v2_full_20260521/news_topic_classification/swa/b64_m3_s13/selected/naive.jsonl
selection,news_topic_classification,yor,b64_m3_s13,alpagasus_style,,64,0.865625,0.74609375,0.6399887985608075,0.019464009539680006,0.06271026862453968,0.171875,/mnt/cosda/runs/aws_vllm_revised_select1_v2_full_20260521/news_topic_classification/yor/b64_m3_s13/selected/alpagasus_style.jsonl
selection,news_topic_classification,yor,b64_m3_s13,cosda_equal_budget,,64,0.74375,0.68984375,0.674806049396284,0.003555377246743396,0.060898392872509435,0.015625,/mnt/cosda/runs/aws_vllm_revised_select1_v2_full_20260521/news_topic_classification/yor/b64_m3_s13/selected/cosda_equal_budget.jsonl
selection,news_topic_classification,yor,b64_m3_s13,cosda_rerank_v2,,64,0.8562500000000001,0.74140625,0.656266784586478,0.004036635903688774,0.06548252490674317,0.0625,/mnt/cosda/runs/aws_vllm_revised_select1_v2_full_20260521/news_topic_classification/yor/b64_m3_s13/selected/cosda_rerank_v2.jsonl
selection,news_topic_classification,yor,b64_m3_s13,deita_style,,64,0.8203125,0.725,0.6096899245167151,0.01911997759093603,0.06933719301282269,0.296875,/mnt/cosda/runs/aws_vllm_revised_select1_v2_full_20260521/news_topic_classification/yor/b64_m3_s13/selected/deita_style.jsonl
selection,news_topic_classification,yor,b64_m3_s13,naive,,64,0.6687500000000001,0.6328125,0.560958652565023,0.002923453309170686,0.06342394191502183,0.5,/mnt/cosda/runs/aws_vllm_revised_select1_v2_full_20260521/news_topic_classification/yor/b64_m3_s13/selected/naive.jsonl
selection,sentiment_classification,amh,b64_m3_s13,alpagasus_style,,64,0.8703125,0.75078125,0.6994840019789991,0.0,0.0439250542453101,0.140625,/mnt/cosda/runs/aws_vllm_revised_select1_v2_full_20260521/sentiment_classification/amh/b64_m3_s13/selected/alpagasus_style.jsonl
selection,sentiment_classification,amh,b64_m3_s13,cosda_equal_budget,,64,0.85,0.7296875,0.7339806956704706,0.0,0.03705638939958025,0.0,/mnt/cosda/runs/aws_vllm_revised_select1_v2_full_20260521/sentiment_classification/amh/b64_m3_s13/selected/cosda_equal_budget.jsonl
selection,sentiment_classification,amh,b64_m3_s13,cosda_rerank_v2,,64,0.8859375,0.7453125,0.7284208583063446,0.0,0.03944924888596299,0.046875,/mnt/cosda/runs/aws_vllm_revised_select1_v2_full_20260521/sentiment_classification/amh/b64_m3_s13/selected/cosda_rerank_v2.jsonl
selection,sentiment_classification,amh,b64_m3_s13,deita_style,,64,0.8578125,0.74296875,0.6774716938496568,0.0,0.046162875727704854,0.21875,/mnt/cosda/runs/aws_vllm_revised_select1_v2_full_20260521/sentiment_classification/amh/b64_m3_s13/selected/deita_style.jsonl
selection,sentiment_classification,amh,b64_m3_s13,naive,,64,0.7703125,0.65859375,0.604794782656245,0.0,0.04671901828774051,0.515625,/mnt/cosda/runs/aws_vllm_revised_select1_v2_full_20260521/sentiment_classification/amh/b64_m3_s13/selected/naive.jsonl
selection,sentiment_classification,hau,b64_m3_s13,alpagasus_style,,64,0.921875,0.78671875,0.7389755524578504,0.0005387931034482759,0.07105775478949494,0.015625,/mnt/cosda/runs/aws_vllm_revised_select1_v2_full_20260521/sentiment_classification/hau/b64_m3_s13/selected/alpagasus_style.jsonl
selection,sentiment_classification,hau,b64_m3_s13,cosda_equal_budget,,64,0.9125,0.7671875,0.7474505019141361,0.0,0.06750386802114347,0.0,/mnt/cosda/runs/aws_vllm_revised_select1_v2_full_20260521/sentiment_classification/hau/b64_m3_s13/selected/cosda_equal_budget.jsonl
selection,sentiment_classification,hau,b64_m3_s13,cosda_rerank_v2,,64,0.9343750000000001,0.78671875,0.7515764571377076,0.0005387931034482759,0.06489588605438473,0.0,/mnt/cosda/runs/aws_vllm_revised_select1_v2_full_20260521/sentiment_classification/hau/b64_m3_s13/selected/cosda_rerank_v2.jsonl
selection,sentiment_classification,hau,b64_m3_s13,deita_style,,64,0.890625,0.7734375,0.7161411075969227,0.0005387931034482759,0.0699719506691329,0.015625,/mnt/cosda/runs/aws_vllm_revised_select1_v2_full_20260521/sentiment_classification/hau/b64_m3_s13/selected/deita_style.jsonl
selection,sentiment_classification,hau,b64_m3_s13,naive,,64,0.853125,0.72734375,0.6725127151294146,0.0012828407224958949,0.07666525703790512,0.21875,/mnt/cosda/runs/aws_vllm_revised_select1_v2_full_20260521/sentiment_classification/hau/b64_m3_s13/selected/naive.jsonl
selection,sentiment_classification,swa,b64_m3_s13,alpagasus_style,,64,0.8953125000000001,0.75703125,0.7012069899297786,0.0,0.07038214754370621,0.015625,/mnt/cosda/runs/aws_vllm_revised_select1_v2_full_20260521/sentiment_classification/swa/b64_m3_s13/selected/alpagasus_style.jsonl
selection,sentiment_classification,swa,b64_m3_s13,cosda_equal_budget,,64,0.878125,0.73671875,0.724139575380832,0.0,0.0617532151958567,0.0,/mnt/cosda/runs/aws_vllm_revised_select1_v2_full_20260521/sentiment_classification/swa/b64_m3_s13/selected/cosda_equal_budget.jsonl
selection,sentiment_classification,swa,b64_m3_s13,cosda_rerank_v2,,64,0.9375,0.75703125,0.715884741966147,0.0,0.0588313209189839,0.015625,/mnt/cosda/runs/aws_vllm_revised_select1_v2_full_20260521/sentiment_classification/swa/b64_m3_s13/selected/cosda_rerank_v2.jsonl
selection,sentiment_classification,swa,b64_m3_s13,deita_style,,64,0.8765625,0.75,0.7076676209631841,0.0,0.070306093238894,0.015625,/mnt/cosda/runs/aws_vllm_revised_select1_v2_full_20260521/sentiment_classification/swa/b64_m3_s13/selected/deita_style.jsonl
selection,sentiment_classification,swa,b64_m3_s13,naive,,64,0.846875,0.703125,0.6430176467227284,0.0,0.06992041053159871,0.3125,/mnt/cosda/runs/aws_vllm_revised_select1_v2_full_20260521/sentiment_classification/swa/b64_m3_s13/selected/naive.jsonl
selection,sentiment_classification,yor,b64_m3_s13,alpagasus_style,,64,0.9015625,0.771875,0.6925588868325576,0.02412516704545748,0.08330554423764519,0.03125,/mnt/cosda/runs/aws_vllm_revised_select1_v2_full_20260521/sentiment_classification/yor/b64_m3_s13/selected/alpagasus_style.jsonl
selection,sentiment_classification,yor,b64_m3_s13,cosda_equal_budget,,64,0.925,0.75703125,0.7164197818725371,0.014239931641693977,0.06349725407206981,0.0,/mnt/cosda/runs/aws_vllm_revised_select1_v2_full_20260521/sentiment_classification/yor/b64_m3_s13/selected/cosda_equal_budget.jsonl
selection,sentiment_classification,yor,b64_m3_s13,cosda_rerank_v2,,64,0.953125,0.76796875,0.7127350960741752,0.018154676428211617,0.05962113504860584,0.0,/mnt/cosda/runs/aws_vllm_revised_select1_v2_full_20260521/sentiment_classification/yor/b64_m3_s13/selected/cosda_rerank_v2.jsonl
selection,sentiment_classification,yor,b64_m3_s13,deita_style,,64,0.9109375000000001,0.7640625,0.696515492850449,0.021520033662062982,0.08307970783421356,0.046875,/mnt/cosda/runs/aws_vllm_revised_select1_v2_full_20260521/sentiment_classification/yor/b64_m3_s13/selected/deita_style.jsonl
selection,sentiment_classification,yor,b64_m3_s13,naive,,64,0.8484375000000001,0.71171875,0.6515008894493803,0.018621342011862996,0.06895882941353208,0.25,/mnt/cosda/runs/aws_vllm_revised_select1_v2_full_20260521/sentiment_classification/yor/b64_m3_s13/selected/naive.jsonl
